order	standing	broken_term	subject_sha	chain_head	osxclnr_seal_head
SJIRA-V8-001	ALIVE	-	4d94adb558ea	f1f593df3c198fc7165e7f075f009d8501d6702a7107c070b915c65a6c9d8efe	6df90c7a7ddab033f300a9d6e41879b582bdf3948d97c7af89101ba7182d6413
SJIRA-V8-002	REFUSED({:invalid_sha, :base_sha, "20aadd175"})	RMissingIdentity	4d94adb558ea	6b87833edb713472f3629d3aff65d77f846c1d851355fc0facfb1f16488b0d84	5126b3ea9c5fc9bbf15bebcc9c936fb91fe9e0b51c5e0f7b025866ff3d22b8d7
SJIRA-V8-003	REFUSED({:invalid_sha, :base_sha, "ff9ff8284"})	RMissingIdentity	4d94adb558ea	3a7b4368f7633685c2d222ab13e04099bb27b1c6a4a5aa4c0c20a9ef09d50ac2	7bc9312244430f16ccaefad63eee58ec1559cb7c15e67a7a80949d2c3c55ca2d
SJIRA-V8-004	REFUSED({:invalid_repository, "cross-repo (affidavit, ferroplan, coordinator-dispatched consumer)"})	RMissingIdentity	4d94adb558ea	395031a12f23da7dc176b749b3e49a58ba97192e1cd2b4d8360863d6325aff46	73592204caea1bf6c5de0c2ff2a993428a13b25b5b80cb9e822453e1123ecfbc
SJIRA-V8-005	REFUSED({:invalid_sha, :base_sha, "e890a55ca"})	RMissingIdentity	4d94adb558ea	3f6ec995b003c16a70576b4515931486c98a76b53bc8236c5e41222d7f18e270	c05f32a693da0e40bd18b71f0afb4548af9271ce7a4b981048d80b526219df73
SJIRA-V8-006	REFUSED({:invalid_sha, :base_sha, "2ad88900b"})	RMissingIdentity	4d94adb558ea	ffce287b1877f76407c2cba20daf0e1ec74036c944d5c724c659f57dbbaf907c	5152f32e622f75d8712b4ff3276e09998ece4bee563a519de45cd854803c0d92
XAAS-26108-1	ALIVE	-	8bb4a2f5c251	40c500fb052d15c56caf2ffa7a2be0b2a0c6b3895d0da0dcf3588cc9810b0e3c	bfafb8dcdd80dace934355d281fb1a5928c5cfe78d984c4765d17af723b479b0
XAAS-26108-2	ALIVE	-	8bb4a2f5c251	02ebfd66a2f2990cb857f667021ba923ac2d825e9636cd03a954f582c899f2ca	c1538096f29a3825ec83c344cdace353936f7cda100a7a2caecbce9a3f9728fa
XAAS-26108-3	ALIVE	-	8bb4a2f5c251	b9a63a97768062e485f5f3c002cac4984c5a8daeb435b1db8b333c204a8feb2b	89985863918a1bf528c6b715f92ed4858cc2acded9aa9d4bccabb27912171a3e
XAAS-26108-4	ALIVE	-	8bb4a2f5c251	d4df62920eb86d583d690953e10c475ab211f13e7d1c0d4d4cdb6edd4eaa7696	6a9f2853c13553a17a10b808ff48781ccdc528bdb750022dcf318f648c48731c
XAAS-26108-5	ALIVE	-	8bb4a2f5c251	d21d4149cd358655dbdfec15715751c9f69b97abb067c6e606d6ee4cb3dd8f49	b06596061c00bd2e31cfb91c4e808bb3aa3949df4bc1d9a8cedbc95a72eeb028
G1-TCK	REFUSED({:missing_required_field, "base_sha"})	RMissingIdentity	b40abf82c7e2	4c800173217f60934aecd4f6b3ae36757268adf665ec63697c143331c49d7678	b830f2dad154107aa68ff42a583fca501f1ca7314ebf9883ac9211f3c4243bc3
G2-W608	REFUSED({:missing_required_field, "base_sha"})	RMissingIdentity	b40abf82c7e2	053c2de99d235e6b678cd8909d9dfb58a11d3faae9395b3bee652c4a93b55c97	022149dd726f61626ddc0f491f82f988d3ae0ca27d39b51cbec9ab2767f4ef79
G3-SelfCard	REFUSED({:missing_required_field, "base_sha"})	RMissingIdentity	b40abf82c7e2	4e1ec12fe54e13519a8f7b6ef25f9f49384b851b59cd77275e092c148f8f4d3c	f40d7f04d970a5fec0c41f9296e1301b0ef57777530da0bacef568ce9bea31ff
G4-ReleaseBump	REFUSED({:missing_required_field, "base_sha"})	RMissingIdentity	b40abf82c7e2	77fa2018b0663107e36146541bc25b2a60859e63fc9d9d8721d38b4f40953c62	bf7d7e41cd05d87d78819ff9d40e602257a5bac4ba31ddb91ed898bdd492972b
DOCS-DIATAXIS-WIRING	REFUSED({:unsupported_projection_type, "workgraph"})	MuOnO	fad9c308ceb7	5a3ffc0f6563cebb52447faed899c0b0eacc6ccf54cf57f3a3378233934e4b32	542c150f5e5fcc28757ad0206bdc472796d2ae37f823739671235ca313ca07a6
DOCS-PINNING-REF	REFUSED({:unsupported_projection_type, "workgraph"})	MuOnO	fad9c308ceb7	487bffbaea059262e9dffbc16e52d777240e6201b032610266e76bf1dcd91d58	1199c45914caff06a5e549588138d6af15393840363f8fc407dcd7c8b52d9541
DOCS-SCAFFOLD-SKELETONS	REFUSED({:unsupported_projection_type, "workgraph"})	MuOnO	fad9c308ceb7	f2cc7cb12e916c21571541a767ff15eb0c3d185365a00514b5a3d569b9d8c5cf	bfe62dd6533d68904999a1b4d1d4922a755882c4620ffec5e374527098c9308a
VENDOR-REPIN-V26108	REFUSED({:unsupported_projection_type, "workgraph"})	MuOnO	fad9c308ceb7	c6db2c50dd05ef9358065f01cf0eedf831e514911a63057a7fcdd6983e685dd1	8ff4108ac1e035093a7b317c6d3f0ec04a44d661aff3d086a656a54f54f38481
VERSION-FIXFORWARD-26108-1	REFUSED({:unsupported_projection_type, "workgraph"})	MuOnO	fad9c308ceb7	aa82d01fd8137de07bd797b1cdc5ad966c3add8fff1b89e5ded3369154c18be3	7fad7410b228349de8e7e34aea8d5322212bd5e7c1183ac9c6f221f25ff9140b
wo-archive-cleanup	REFUSED({:missing_required_field, "acceptance"})	RMissingStanding	e7d9d77cfea2	1d2387b471ec4a23f718aa4c1d7804ec804615070e2ae616b28678367d1e3d4e	ee4d5f6dc4f75b4940a8d07728c8a51c6a338f8149b4b00d5df9f8e4c773f05f
wo-boundary-law-doc	REFUSED({:missing_required_field, "acceptance"})	RMissingStanding	e7d9d77cfea2	1018be26727bd4f977772a2c7010dfd8fb94492b249a99eb59ab416b85b59ab7	c73df546a34946321392633d5420595c944bd69219b4cdb0e6b0bfd4d066e051
wo-campaign-receipt	REFUSED({:missing_required_field, "acceptance"})	RMissingStanding	e7d9d77cfea2	6725a53edef04f4d66936f7df56991ff76a78de0ab41765c196155998bfeb82e	e208ecca2ab371a07c7da0e00ec89b5ddc1df5980db4f53bac69a4a68fa7cb9c
wo-family-xrefs	REFUSED({:missing_required_field, "acceptance"})	RMissingStanding	e7d9d77cfea2	3955c483838bd367c950be5960f1cfbb06bcd62528a237206dc72696ea1d9d27	8a86239dccd089018dfd129453e4f8a604727a583b5e14d55fb9c3d3fcc800c9
wo-version-bump	REFUSED({:missing_required_field, "acceptance"})	RMissingStanding	e7d9d77cfea2	d9dbe2300214fc193d35d165cf169289591639209eab29dbe0fe16f7eb4d10ba	c0ef8aae6d3e365bb0345937721919a3f205009199e45ff3477fc3c52969493d
residue-vendor-submodule	REFUSED({:missing_required_field, "acceptance"})	RMissingStanding	52e019a71645	8bc230da7e143cea18b708a869d0f1d13cb979c36f6b06658aa2885ab08ce93a	b6e0a384adb413c1004e4d745846f1e804c13929f9a7d9270fa25ce477839fc1
wo-diataxis-expansion	REFUSED({:missing_required_field, "acceptance"})	RMissingStanding	52e019a71645	cf69461f75aeb136ed18444a47d90f868f8798b5b8616a5d60322c3e2e1dd782	9c536062cae1978c0a69ea71b2c3944bc7dc0e123aed43a2cf058a0266d68cf1
wo-erc-batch-c	REFUSED({:missing_required_field, "acceptance"})	RMissingStanding	52e019a71645	b198a12afe3d11e2c6de3267156af1cfcadcfe2407acc6fd1ad04d2690499cc5	4dc40674b886812d6affceabfee667d115a44d9f2f3a354ac77fcaeff648c3b6
wo-family-xrefs@round2	REFUSED({:missing_required_field, "acceptance"})	RMissingStanding	52e019a71645	74d60c0f22b880cec75954845ae5e8682a2b1928483cd4e3de407258030d3531	973b8dcedee0a204a5a3b9bbc97294ef782589061378fc042a200d784d3d7032
wo-regen-wave	REFUSED({:missing_required_field, "acceptance"})	RMissingStanding	52e019a71645	3d9a702dc73d01750d3a2a0f9510290609cb94450290c1765d1fdadc2975f8e8	b0eaf82b0c2cb0eba53d7ae7595db949f25f8d4d6a4ded1d339a60a5bd62a8a8
ZCODE-26108-01	ALIVE	-	19fdad5baeef	a6d7c2c9243c2464cb7249c52716e4f05dfedc8411f006d27c4f67c05ee47075	59316a6c35b74d87a3d8efef3705b55ce1e186f50061341ecb39957177ced9a3
ZCODE-26108-02	ALIVE	-	19fdad5baeef	ecc37ba1102ba572a0510e91cfe208db519344c1c3e824a0bb59ae2413deff6a	bc46ea1df73544729082742772b8b8f330f9611e8bf48d4c3bf776a32df3cffa
ZCODE-26108-03	ALIVE	-	19fdad5baeef	0ed314c1ba6c23cb0db76fdc94d8213552a23183574604d34afd1ebbb5d43e6d	248bd76c8756ce668bdf8a246d0f5196ae712e7e832f26005b730326fec4e6bc
ZCODE-26108-04	ALIVE	-	19fdad5baeef	6fc21e65925b196eb06f0d577b5f485d9f0ff5aefeccd637b027e2d16fd8e470	fe8cb6e2dd4431f3da015ba83fb888ecf076d17c06ac0deae0e8f11bcb184f5e
ZCODE-26108-05	ALIVE	-	19fdad5baeef	9c9e3979fbcd9d6f845086afd126230013dc1ad2ea444cca708e9ef6f7c4e8e4	9e196b97f654dc47ce8872b69034e0c8f2963d1b8edb939740bd17556cdd0083
UNSCOPE-castle-goal-2026-10-08T22:10:39	REFUSED(no_workgraph)	MuOnO	6692936f6ea8	37f1265020c288502324ccf8e5179062ef89b4e4cffe6e3d57e53a932969105c	371e14b245a5e19b2e7a5b7a59c95a769addf2a69e7da05cd435908de250a7b5
ASHSURF-26108-1	ALIVE	-	555cc1ba941d	b38eeded11344dba1a30efabc87d0d4d9628d89f121cc2873725b9b15b109213	2a69efeb4f251c5e497a9b8a0bf97104d529de7ffeb8e19f9aca42b52734993b
ASHSURF-26108-2	REFUSED({:invalid_sha, :base_sha, "68f77041b"})	RMissingIdentity	555cc1ba941d	faab222bb880da8aa0e67e85a68b08d3109c79e40785c786524f8b8d833b5ec9	0e3bc660512b767b2ce3f262a2435c840525d63ba9e5cfb02ea76eebbd2c18b8
ASHSURF-26108-3	ALIVE	-	555cc1ba941d	50f993ec09df72d88530754ed4dea5d8055916cfb05b779465ba7961699a6e43	1b57fc733245601b13e40311435a92179d2fee365ed43deadf59b3f1e034ce65
ASHSURF-26108-4	ALIVE	-	555cc1ba941d	9cf9a4aee65c428461de1dd0cce0624f6c534ed1a2d8c5ff8fc537a397650b6c	6c963c17273075c1415768af4e5204497a8796f281716f122fc8d4b4468cc35c
R2RML-26108-1	ALIVE	-	37ce7e016a28	90aa4163957d60620d6802f03e993bdb6b3bb79fa91adc2130c5ab799a8c991a	5741544ce71cfc1370d1414010345d66ba333e62caefb8fb33a453767e1e28a8
R2RML-26108-2	ALIVE	-	37ce7e016a28	7d356da9e652da24f3af8c6fa005c69adfae98f907685b097fcb28bdde25784d	aa72f405b87458de220171a9389955f241d68ce0454c86855cf513892daff442
R2RML-26108-3	ALIVE	-	37ce7e016a28	7eae9ef7677a4520ec7dd0e408234c504d6d8f73cab4bf1e4d2bbfcc69a1f4c3	e3e55fce17e8e96c9aad3af51b63c5b728c6209300f0b96a964bfdd1a66f4a58
R2RML-26108-4	ALIVE	-	37ce7e016a28	0ea16e9e631e4747dc4b30764df6e8e8a84f022d6340eec90c7b4747f4680b43	2a2b194c2bab170e846cd8b0fb049cc30e315da0c8bcc37cbd049425a98683f7
AA-26108-1	ALIVE	-	3ecd4f7695fc	046c4a7f4ebe0b51cd25ead33fdc5458512427bfce46ce43fb554085bd2fc2c1	a7d9a14c8db66c7971df8410e518f72e6124ae57890004595fbe91524bf8512e
AA-26108-2	ALIVE	-	3ecd4f7695fc	e1dbe288c3dc4e373d436caa3b88e4019a31afff24947d710f4fd1291641fcb2	3a9b6fec6eed7ce21e27af073841312a608fe72553e0bdbf79a9714e80f18125
AA-26108-3	ALIVE	-	3ecd4f7695fc	b1dcaa577d01c145758359c888e9abacab2b840fe882dba1e4efd0816e6bd680	4466b03f8123dc8902a82f9582f3dfb4e5ff962c4ff0d11c4ef1a54f67424030
AA-26108-4	ALIVE	-	3ecd4f7695fc	b7bf17b247554bba5c67e4c5ea3addad74a16c4d88458b044d1f3f4aff89d257	036db88aa2c69fb2d6cef623e71dbe84ba4f9cd81e172b459823afb122cbf65e
AA-26108-5	ALIVE	-	3ecd4f7695fc	33144f12bb7909dce0f3f4c429584d5cf0a543e5a8c2018fba511eae22037425	9760638ddeea164e152bcbafcead29718ef0e7d2bd99c9efa5944ca558971fa2
SJIRA-V8-002@round2	ALIVE	-	4d94adb558ea	9f63e4b7cbaeef5d9712836c8c789e018797469e72dff033c48b1ab0df3238ef	4a7b5d1d93462639e01f866850f57563664e37843887c03b7d8930d08e9ee146
SJIRA-V8-003@round2	ALIVE	-	4d94adb558ea	11fd7a41b4bdbaef5220e06e341d169df46d4ea7a7d1ff51f96b3c0f0e54c43b	43920db3a222f82ed0889e0fe97fca7bb223ccea561a910cb324fbae93b4ef5d
SJIRA-V8-005@round2	ALIVE	-	4d94adb558ea	9f52cfff5953969fe17306807706cf3209111bf0790f218d63bd4fa93b2beb62	cc6dde6ce908760cc19106a2b57dd28736f91ba11f3d7a0fd6a32a6ab32c748b
SJIRA-V8-006@round2	ALIVE	-	4d94adb558ea	189791b91deb4bcaa01e6b173920b4f623fbd05d68d2fb7c5011d6d26cff0be9	3c6759f312704b55ed3638cb429d42c032a5e98b271397b1169a28c1418f9393
G1-TCK@round2	ALIVE	-	b40abf82c7e2	f0e3c43d215d9a9a0cf5f4592b703e8b2e1f1b6fb1bae58d8e9b56c625a0333b	0b8faef1e7a32a78a2f251e3fccc03f584ca6c0f87728edcf84eb2099954f21e
G2-W608@round2	ALIVE	-	b40abf82c7e2	934b0d5532c4eb03cf38a178e44edfff882a73fc342c2c6103c9a75758126670	a3a3b50f8258cda40744abd444f2106187560cded3a26e6e414919179757879d
G3-SelfCard@round2	ALIVE	-	b40abf82c7e2	7cc58d6e3b0562dd8756108ed20cdcefcbbb3ffd0dcac0994aecb1819bf7b6b6	f7f5379cb4a1718a590e0297faf426fcea7e5de8794c63113de09e416fe651d9
G4-ReleaseBump@round2	ALIVE	-	b40abf82c7e2	bcac8e96b01262e4ef8fee41d82415b3d77b11eed8aae3cc7ebd6c8a2c5a2d06	f51586674c6f99165ce318896603f46ff057bb1aac6c9c3cf1c4d356b77cca76
DOCS-DIATAXIS-WIRING@round2	ALIVE	-	fad9c308ceb7	80008c66e25d8f53eb8916b56d71e4ffba29c0ef268ff26ebcdade629a84c939	9685d80d119a07df0ca5b4bff6b04f2a4607ba659b62bf79492c4280e4c293fc
DOCS-PINNING-REF@round2	ALIVE	-	fad9c308ceb7	9d26aecd5e37272877138632e732005a72a4404d5034b290d95582b13a034730	509ef6ad6e5d6d306729deb77470fe2aa67ec138ae39c76d35dd2f7041607694
DOCS-SCAFFOLD-SKELETONS@round2	ALIVE	-	fad9c308ceb7	0917842076ed64228e9ce7bce0ed82eb8ad2e6fe6aa8c60e765a13c4272269d9	6362e531de3311505b98c6de14a9fe4c7418a660bdfc8c6275b880474227b8c9
VENDOR-REPIN-V26108@round2	ALIVE	-	fad9c308ceb7	07aa3f5d43fc3b66763a5c04acb895f4ebccd25c57905cff6e52593df266c74c	4f551b8ed41b27eb0cbdf40fec169f1fe27a67afba847b13e0114e39b00f60fc
VERSION-FIXFORWARD-26108-1@round2	ALIVE	-	fad9c308ceb7	8778e8649fcd615cd8386993226dc164eba2e5056cb10c92878b636ed955a070	f4bf62a2622700d03e18ee07f58f5164e5ee17729b75b06f1f7a7eb51a473d05
wo-archive-cleanup@round2	ALIVE	-	e7d9d77cfea2	58170600d4f2aa81608cacaa552a28b7cec2587c0d4d2c3f3ea23fded5955317	1e872dd177d23330e862f4568e3dc7074d30d4c8c87b74fd9ba4feeeddae6924
wo-boundary-law-doc@round2	ALIVE	-	e7d9d77cfea2	d50466606e3116e49354e7f1487b12f35222bb7a476d07924a7f9b05bc7328c7	47349f69845f606f127e39553321ea51bd046dab9e2fb72b10f04018d8c8bbb5
wo-campaign-receipt@round2	ALIVE	-	e7d9d77cfea2	132c558e046b74b2d2b4e954ac07d1389a1d5f995d8215ceb0425b4103493ce4	b9017c71bbdf0363d4a88beecef998112be12db0d036086c4f39772d7da9949b
wo-family-xrefs@round3	ALIVE	-	e7d9d77cfea2	04568e493b7c647b416b496b55fc9249d8dea4fe51b95d52256c8d43cc6b14d3	dc2f2a0848a1d0b6b85bb8e62c424fe8ebcaeeb1153f21241fb6cc300ccbfa6b
wo-version-bump@round2	ALIVE	-	e7d9d77cfea2	00ada001511547ab781027f4cf6e0d400b4f4316c412757f8b2b39bce9026daa	107b66d1350aa51384e05ff931768dc5a1338566984fe73e01c9a70ebb1cc0aa
residue-vendor-submodule@round2	ALIVE	-	52e019a71645	e64014c89f1a98f846c11111bec961a488603269256ce2f6a5efec8e28df72a1	564bd5bdbfc45fb9d03de230883ae911791230f0e7c6c8071ffff000b0eb5a2f
wo-diataxis-expansion@round2	ALIVE	-	52e019a71645	e6e320d5ee3cb02b2790379f34676f6f2370210787d4e17027ce17993832b5a8	b127d975d112f4eff8be75c0c8fa08cf497254becddf4382a8dcf59a694c13f7
wo-erc-batch-c@round2	ALIVE	-	52e019a71645	783785c2398871330b36944f360b626c792f45e312fbb6c55094d7a6348a2879	85d1ff1f350fa394cabac5cf5c7aa470838d56b750321dd19ca703b658838d1d
wo-family-xrefs@round4	ALIVE	-	52e019a71645	ff7474b9ea4afd0c3916119f14eaddee69a7d7c382720ac25fcbe05429f52c62	baf4a8272e133cf29145ea443f698d9a6371d81bea8893cee16824c63723ecd5
wo-regen-wave@round2	ALIVE	-	52e019a71645	b4d8eb012db4904e3240c881ab8ac2b483e101a64cf903e6c8e0a91cfa830ecd	c0f612df69dbe5275697d60f0fe2735eea950476499c7be24aea236ef37ffc28
ASHSURF-26108-2@round2	ALIVE	-	555cc1ba941d	3f3ee9559871e81bfdc1e3e100236509b4e3646c5ebb1d7e5e80ee3374a4eb75	8d5915b68b3a8fc63058d6ed76d283a0ce92f54e1dccf390fc85c4e9b4f29418
SJIRA-V8-004@round2	REFUSED(invalid_repository: cross-repo order (affidavit, ferroplan, coordinator-dispatched consumer); not expressible as a single-repo candidate without splitting)	RMissingIdentity	4d94adb558ea	c9e64ffbc9b0df31b2795ef891f3861f90caebaec42b3d0b5ea981d2910b995b	c87441163a2b584edcf6477ccc6d5ef79597a476d5ad202cdf4570fd0569d793
UNSCOPE-castle-goal-2026-10-08T22:22:51@round2	REFUSED(no_workgraph: no docs/sjira/v26.10.8*/WORKGRAPH.ttl and no /Users/sac/castle-goal checkout on disk)	MuOnO	6692936f6ea8	1190a4f8f981f9ca16b95d259801126d58e6c95843b3ce9212b4b3157d9d7839	c89e2eae2ddbe75be20ee103af2f11fbe737ede7ff087bb30a77720d84b77e2d
SJIRA-V8-004A	ALIVE	-	4d94adb558ea	49572fcfe000d43a54c3c032a1533feb882f19345f2dd0edc83aa017ea013a62	72b50389ec3c7468c6c4cc8d734c25a6c90b91044833b34541f7d2fb9daee4ec
SJIRA-V8-004B	ALIVE	-	3ecd4f7695fc	1929ce1f701cb51c9862d8976f5226221136d0946d8bdaa477fce61c4fefc97a	4535e358828f887b0ad9fa4d255362bf9195fc11983256b062e73dc473cce177
SJIRA-V8-004C	ALIVE	-	3da5adc7ce54	76305b343d47889cdc9e9eb2a5f4d36150c811dc0d3864034c8218c56b108fca	db7d8752bf953974993274e13cbd9ba3e12793cf7d9ab3a4b6cf631d418b5476
RCERT-EX4PM-26108	ALIVE	-	d52fb4d2c6b8	a9066b1e63fe2c44d4ea048c4d0ee82ada3dfabb6e55bcd003a816a9a0c998f7	-
RCERT-FROZEN-DUCKDB-26108	ALIVE	-	7063b9d4d726	6dbe9a0d95520e56ed7d6cd01e283d2e4650aa53a7d6dfa349614d2c00886d0b	-
RCERT-CASTLE-26108	ALIVE	-	d6f136c78cab	bffc004718905957c8de99a8b586f63137f532a963b2b06a5d5286a43966b1b4	-
RCERT-ASHGRAPHLAW-26108	ALIVE	-	949eae9a7780	274d82d08d6d2fd0024cbbca881e2def9eb4e41af3efabd4f50f15b21f86a1b8	-
RCERT-ASHSURF-26108	ALIVE	-	757060450285	d0265c9bbdc141ac8cad21cd736c96ecf1c9d351721f133f239de250d6137508	-
RCERT-EX4PM-26108@chainlink	ALIVE	-	c6b3d23ee9d2	e4afa872f965b8290c07cede04afbff76dcb402ac29cc147e6a7188a425d05f3	-
RCERT-FROZEN-DUCKDB-26108@chainlink	ALIVE	-	7063b9d4d726	15c6ffeb55df57dcf54b0157398ce6445238825032c5f505f5b462a9f431e5e1	-
RCERT-CASTLE-26108@chainlink	ALIVE	-	ce780b0f9fb5	b4acffb7e637c9ee7f7909434d68748079b716862db0e6dd105661f5fc8e12b7	-
RCERT-ASHGRAPHLAW-26108@chainlink	ALIVE	-	949eae9a7780	85ffd423cb0eb0ac8334dee4c2853e31ae35a279012ca3494a1733ff00fe5b1c	-
RCERT-ASHSURF-26108@chainlink	ALIVE	-	757060450285	fe05e4a3bec2930ccb730f1e98549c2e0f9bec7fea6208058cf1bfc0d506f4f3	-
